cohort,block,model,mode,roc_auc,pr_auc,brier,precision,recall,specificity,f1,f2,thr,thr_policy,repeat,fold
antepartum,FULL,LR,weighted,0.8067777777777777,0.4490877300647092,0.09746803114017373,0.1346153846153846,0.9722222222222222,0.1,0.23648648648648649,0.43316831683168316,0.09999999999999999,recall+precision,1,1
antepartum,FULL,Ensemble_SoftVote_Uniform,ensemble,0.8034444444444444,0.4665311611787244,0.0975027916841548,0.14937759336099585,1.0,0.18,0.259927797833935,0.4675324675324675,0.11,recall+precision,1,1
antepartum,FULL,Ensemble_SoftVote_Weighted,ensemble,0.8033333333333332,0.46617928926162927,0.09749839602903901,0.14937759336099585,1.0,0.18,0.259927797833935,0.4675324675324675,0.11,recall+precision,1,1
antepartum,FULL,LR,weighted,0.7782682193839218,0.40241263624344836,0.11894734584610746,0.21910112359550563,0.8863636363636364,0.4256198347107438,0.35135135135135137,0.5508474576271186,0.11,recall+precision,1,2
antepartum,FULL,Ensemble_SoftVote_Uniform,ensemble,0.7739481592787377,0.4115200072082969,0.11860371861965117,0.21468926553672316,0.8636363636363636,0.4256198347107438,0.3438914027149321,0.5382436260623229,0.11,recall+precision,1,2
antepartum,FULL,Ensemble_SoftVote_Weighted,ensemble,0.774229902329076,0.40021809188001034,0.11861950180350342,0.2159090909090909,0.8636363636363636,0.4297520661157025,0.34545454545454546,0.5397727272727273,0.11,recall+precision,1,2
antepartum,FULL,LR,weighted,0.8132996246073699,0.5390404806207312,0.14590931713198052,0.2727272727272727,0.9473684210526315,0.37117903930131,0.4235294117647059,0.6338028169014085,0.12,recall+precision,1,3
antepartum,FULL,Ensemble_SoftVote_Uniform,ensemble,0.8090094231211216,0.5331881600198826,0.14310289943352061,0.27835051546391754,0.9473684210526315,0.388646288209607,0.4302788844621514,0.6398104265402843,0.11,recall+precision,1,3
antepartum,FULL,Ensemble_SoftVote_Weighted,ensemble,0.8090860338619474,0.532554898570939,0.1432337192474881,0.2755102040816326,0.9473684210526315,0.3799126637554585,0.4268774703557312,0.6367924528301887,0.11,recall+precision,1,3
antepartum,FULL,LR,weighted,0.7848962369758029,0.49641471886594196,0.13050861674754247,0.23232323232323232,0.9387755102040817,0.35864978902953587,0.3724696356275304,0.583756345177665,0.12,recall+precision,1,4
antepartum,FULL,Ensemble_SoftVote_Uniform,ensemble,0.7836906914664601,0.49247258325408944,0.12853824077093828,0.22549019607843138,0.9387755102040817,0.3333333333333333,0.36363636363636365,0.575,0.11,recall+precision,1,4
antepartum,FULL,Ensemble_SoftVote_Weighted,ensemble,0.7837768018599846,0.4901880494998446,0.12857588443684811,0.24719101123595505,0.8979591836734694,0.4345991561181435,0.3876651982378855,0.5882352941176471,0.12,recall+precision,1,4
antepartum,FULL,LR,weighted,0.8290878851540616,0.5316738136564443,0.13062589782203415,0.22439024390243903,0.9583333333333334,0.3319327731092437,0.36363636363636365,0.5793450881612091,0.14,recall+precision,1,5
antepartum,FULL,Ensemble_SoftVote_Uniform,ensemble,0.8056285014005603,0.520419326384626,0.12665647841368147,0.23469387755102042,0.9583333333333334,0.3697478991596639,0.3770491803278688,0.5927835051546392,0.13,recall+precision,1,5
antepartum,FULL,Ensemble_SoftVote_Weighted,ensemble,0.8053658963585435,0.5191075468898995,0.1266244761373494,0.23469387755102042,0.9583333333333334,0.3697478991596639,0.3770491803278688,0.5927835051546392,0.13,recall+precision,1,5
antepartum,FULL,LR,resampled,0.8053333333333333,0.43479876682674345,0.10280901547177099,0.1446280991735537,0.9722222222222222,0.172,0.2517985611510791,0.4533678756476684,0.14,recall+precision,1,1
antepartum,FULL,LR,resampled,0.7810856498873028,0.4147134546065873,0.12280909892567946,0.24183006535947713,0.8409090909090909,0.5206611570247934,0.3756345177664975,0.5623100303951368,0.13,recall+precision,1,2
antepartum,FULL,LR,resampled,0.8110779131234198,0.5360415480359961,0.14322433089689068,0.29545454545454547,0.9122807017543859,0.4585152838427948,0.44635193133047213,0.6435643564356436,0.12,recall+precision,1,3
antepartum,FULL,LR,resampled,0.783862912253509,0.4869782134757177,0.13265664076662242,0.25136612021857924,0.9387755102040817,0.4219409282700422,0.39655172413793105,0.6068601583113457,0.13,recall+precision,1,4
antepartum,FULL,LR,resampled,0.8324142156862745,0.5311884232693165,0.12783535280460265,0.20434782608695654,0.9791666666666666,0.23109243697478993,0.3381294964028777,0.556872037914692,0.13,recall+precision,1,5
antepartum,FULL,SVM,weighted,0.785111111111111,0.41533295257686287,0.09851187242914124,0.15246636771300448,0.9444444444444444,0.244,0.2625482625482625,0.46321525885558584,0.13,recall+precision,1,1
antepartum,FULL,SVM,weighted,0.7615514650638617,0.3846937140912964,0.11881682436683992,0.24817518248175183,0.7727272727272727,0.5743801652892562,0.3756906077348066,0.5431309904153354,0.11,recall+precision,1,2
antepartum,FULL,SVM,weighted,0.7969049260706351,0.5103494929656432,0.1448237030909673,0.2826086956521739,0.9122807017543859,0.42358078602620086,0.4315352697095436,0.6310679611650486,0.11,recall+precision,1,3
antepartum,FULL,SVM,weighted,0.7656075088263152,0.4396357146289448,0.12711208629632662,0.23497267759562843,0.8775510204081632,0.4092827004219409,0.3706896551724138,0.5672823218997362,0.11,recall+precision,1,4
antepartum,FULL,SVM,weighted,0.8151260504201681,0.4441330447460649,0.12135031597733764,0.2545454545454545,0.875,0.4831932773109244,0.39436619718309857,0.5882352941176471,0.12,recall+precision,1,5
antepartum,FULL,SVM,resampled,0.752,0.33709314439343924,0.10371835727235203,0.13138686131386862,1.0,0.048,0.23225806451612904,0.430622009569378,0.08,recall+precision,1,1
antepartum,FULL,SVM,resampled,0.7699098422238918,0.3801908995842302,0.11585702273015455,0.2535211267605634,0.8181818181818182,0.5619834710743802,0.3870967741935484,0.5660377358490566,0.09999999999999999,recall+precision,1,2
antepartum,FULL,SVM,resampled,0.7872519727265762,0.42895879295652245,0.14226453630658345,0.26732673267326734,0.9473684210526315,0.3537117903930131,0.416988416988417,0.627906976744186,0.08,recall+precision,1,3
antepartum,FULL,SVM,resampled,0.7649186256781194,0.4209231708330452,0.12495823122427586,0.21296296296296297,0.9387755102040817,0.28270042194092826,0.3471698113207547,0.558252427184466,0.08,recall+precision,1,4
antepartum,FULL,SVM,resampled,0.7986694677871148,0.43131362958165764,0.11912215533992931,0.2102803738317757,0.9375,0.28991596638655465,0.3435114503816794,0.5541871921182266,0.08,recall+precision,1,5
antepartum,FULL,RF,weighted,0.7866666666666666,0.4659019004930488,0.09826921781876885,0.1583710407239819,0.9722222222222222,0.256,0.2723735408560311,0.4794520547945205,0.12,recall+precision,1,1
antepartum,FULL,RF,weighted,0.7645567242674681,0.4112612083692826,0.1188221446241208,0.25,0.7727272727272727,0.5785123966942148,0.37777777777777777,0.5448717948717948,0.12,recall+precision,1,2
antepartum,FULL,RF,weighted,0.7990500268137593,0.5212484770206423,0.14088312716040824,0.27461139896373055,0.9298245614035088,0.388646288209607,0.424,0.6294536817102138,0.09999999999999999,recall+precision,1,3
antepartum,FULL,RF,weighted,0.7730991130629467,0.47580586359431193,0.1272593323856334,0.21634615384615385,0.9183673469387755,0.31223628691983124,0.35019455252918286,0.556930693069307,0.09999999999999999,recall+precision,1,4
antepartum,FULL,RF,weighted,0.7919730392156863,0.4794274905208477,0.12355606910111204,0.24193548387096775,0.9375,0.40756302521008403,0.38461538461538464,0.5952380952380952,0.12,recall+precision,1,5
antepartum,FULL,RF,resampled,0.7743333333333333,0.39761140351045576,0.10029404550295225,0.145748987854251,1.0,0.156,0.254416961130742,0.46035805626598464,0.09999999999999999,recall+precision,1,1
antepartum,FULL,RF,resampled,0.7511269722013524,0.39804574876779536,0.11935397831495008,0.2331288343558282,0.8636363636363636,0.4834710743801653,0.3671497584541063,0.56047197640118,0.11,recall+precision,1,2
antepartum,FULL,RF,resampled,0.7729257641921397,0.4669774347433632,0.1443420369496928,0.27717391304347827,0.8947368421052632,0.4192139737991266,0.42323651452282157,0.6189320388349514,0.09999999999999999,recall+precision,1,3
antepartum,FULL,RF,resampled,0.7739602169981916,0.44554920141158266,0.12722583875410218,0.23529411764705882,0.8979591836734694,0.39662447257383965,0.3728813559322034,0.5744125326370757,0.11,recall+precision,1,4
antepartum,FULL,RF,resampled,0.7841824229691876,0.45762805633099535,0.12353364743436408,0.2857142857142857,0.7916666666666666,0.6008403361344538,0.4198895027624309,0.5846153846153846,0.14,fallback_f2.0,1,5
antepartum,FULL,XGB,weighted,0.7702222222222223,0.4155083199847644,0.09979898720307444,0.14516129032258066,1.0,0.152,0.2535211267605634,0.45918367346938777,0.08,recall+precision,1,1
antepartum,FULL,XGB,weighted,0.7573253193087903,0.3851911189978578,0.11530819212138729,0.27522935779816515,0.6818181818181818,0.6735537190082644,0.39215686274509803,0.5263157894736842,0.13,fallback_f2.0,1,2
antepartum,FULL,XGB,weighted,0.7785183482724278,0.5243201030939572,0.13657854414143322,0.25870646766169153,0.9122807017543859,0.34934497816593885,0.40310077519379844,0.6060606060606061,0.08,recall+precision,1,3
antepartum,FULL,XGB,weighted,0.76052699560837,0.48299758517371955,0.12457553891366471,0.22727272727272727,0.9183673469387755,0.35443037974683544,0.3643724696356275,0.5710659898477157,0.08,recall+precision,1,4
antepartum,FULL,XGB,weighted,0.783219537815126,0.5019853738370379,0.12062024583936178,0.184,0.9583333333333334,0.14285714285714285,0.3087248322147651,0.5203619909502263,0.09,fallback_f2.0,1,5
antepartum,FULL,XGB,resampled,0.7794444444444444,0.44836316094939815,0.09664773124347689,0.14173228346456693,1.0,0.128,0.2482758620689655,0.45226130653266333,0.09999999999999999,recall+precision,1,1
antepartum,FULL,XGB,resampled,0.749060856498873,0.3508012242513303,0.11963017013909093,0.18981481481481483,0.9318181818181818,0.2768595041322314,0.3153846153846154,0.5229591836734694,0.09,fallback_f2.0,1,2
antepartum,FULL,XGB,resampled,0.7776756301233432,0.5279633757578988,0.13884900067752157,0.27906976744186046,0.8421052631578947,0.4585152838427948,0.4192139737991266,0.6,0.09999999999999999,recall+precision,1,3
antepartum,FULL,XGB,resampled,0.7432188065099457,0.4654037831952837,0.12509460477385054,0.3291139240506329,0.5306122448979592,0.7763713080168776,0.40625,0.4727272727272727,0.15000000000000002,fallback_f2.0,1,4
antepartum,FULL,XGB,resampled,0.776654411764706,0.48110403674478497,0.12168001142343661,0.2868217054263566,0.7708333333333334,0.6134453781512605,0.4180790960451977,0.5763239875389408,0.13,fallback_f2.0,1,5
antepartum,FULL,LR,weighted,0.8185032139577594,0.541680171801334,0.11438627923117972,0.23636363636363636,0.8666666666666667,0.4793388429752066,0.37142857142857144,0.5652173913043478,0.11,recall+precision,2,1
antepartum,FULL,Ensemble_SoftVote_Uniform,ensemble,0.8245638200183655,0.5641182328602996,0.11654884216523508,0.25477707006369427,0.8888888888888888,0.5165289256198347,0.39603960396039606,0.5934718100890207,0.12,recall+precision,2,1
antepartum,FULL,Ensemble_SoftVote_Weighted,ensemble,0.8241046831955924,0.5618071775855634,0.1165018711097894,0.2564102564102564,0.8888888888888888,0.5206611570247934,0.39800995024875624,0.5952380952380952,0.12,fallback_f2.0,2,1
antepartum,FULL,LR,weighted,0.7727985246657446,0.43972079554794197,0.11460815589304561,0.2094240837696335,0.8888888888888888,0.37344398340248963,0.3389830508474576,0.5390835579514824,0.09999999999999999,recall+precision,2,2
antepartum,FULL,Ensemble_SoftVote_Uniform,ensemble,0.7657906869525126,0.4415840242627717,0.11628786615400463,0.22598870056497175,0.8888888888888888,0.4315352697095436,0.36036036036036034,0.5602240896358543,0.11,recall+precision,2,2
antepartum,FULL,Ensemble_SoftVote_Weighted,ensemble,0.7663439372982942,0.4430757518126307,0.1162293423372822,0.22598870056497175,0.8888888888888888,0.4315352697095436,0.36036036036036034,0.5602240896358543,0.11,recall+precision,2,2
antepartum,FULL,LR,weighted,0.7757627118644067,0.49458218412490695,0.13308131803248777,0.2594594594594595,0.96,0.4194915254237288,0.4085106382978723,0.6233766233766234,0.12,recall+precision,2,3
antepartum,FULL,Ensemble_SoftVote_Uniform,ensemble,0.7829661016949152,0.5291265060544832,0.13073171727482294,0.24615384615384617,0.96,0.3771186440677966,0.39183673469387753,0.6075949367088608,0.11,recall+precision,2,3
antepartum,FULL,Ensemble_SoftVote_Weighted,ensemble,0.7827118644067796,0.5265911561743394,0.13084673443480307,0.24615384615384617,0.96,0.3771186440677966,0.39183673469387753,0.6075949367088608,0.11,recall+precision,2,3
antepartum,FULL,LR,weighted,0.7984981226533165,0.4623602427362437,0.12527594593801464,0.22727272727272727,0.9574468085106383,0.35714285714285715,0.3673469387755102,0.582901554404145,0.13,recall+precision,2,4
antepartum,FULL,Ensemble_SoftVote_Uniform,ensemble,0.7954586089755051,0.4480815497641809,0.12344068134293996,0.21634615384615385,0.9574468085106383,0.31512605042016806,0.35294117647058826,0.5681818181818182,0.12,recall+precision,2,4
antepartum,FULL,Ensemble_SoftVote_Weighted,ensemble,0.7959949937421777,0.4480021157969956,0.12351024803392575,0.21428571428571427,0.9574468085106383,0.3067226890756303,0.35019455252918286,0.5653266331658291,0.12,recall+precision,2,4
antepartum,FULL,LR,weighted,0.8139410665004897,0.4706657660739649,0.12463108876815139,0.2781456953642384,0.8936170212765957,0.5439330543933054,0.42424242424242425,0.6194690265486725,0.14,recall+precision,2,5
antepartum,FULL,Ensemble_SoftVote_Uniform,ensemble,0.8131398557820707,0.46102532116127126,0.1221797515619641,0.23316062176165803,0.9574468085106383,0.3807531380753138,0.375,0.5905511811023622,0.12,recall+precision,2,5
antepartum,FULL,Ensemble_SoftVote_Weighted,ensemble,0.813317902608386,0.46180180907222523,0.12229697742855,0.23076923076923078,0.9574468085106383,0.3723849372384937,0.371900826446281,0.587467362924282,0.12,recall+precision,2,5
antepartum,FULL,LR,resampled,0.8071166207529843,0.5212167698901238,0.11457818413654988,0.2676056338028169,0.8444444444444444,0.5702479338842975,0.40641711229946526,0.5900621118012422,0.12,fallback_f2.0,2,1
antepartum,FULL,LR,resampled,0.7785154449054864,0.4391799987430436,0.1197507772580748,0.22527472527472528,0.9111111111111111,0.4149377593360996,0.36123348017621143,0.5662983425414365,0.13,recall+precision,2,2
antepartum,FULL,LR,resampled,0.7801694915254237,0.50332463379015,0.13054736610101317,0.24870466321243523,0.96,0.3855932203389831,0.3950617283950617,0.6106870229007634,0.11,recall+precision,2,3
antepartum,FULL,LR,resampled,0.7961737886644019,0.4860984831956465,0.11911273482970984,0.22842639593908629,0.9574468085106383,0.36134453781512604,0.36885245901639346,0.5844155844155844,0.11,recall+precision,2,4
antepartum,FULL,LR,resampled,0.8090447787768182,0.4744157642203738,0.12272184199370956,0.2647058823529412,0.9574468085106383,0.4769874476987448,0.4147465437788018,0.6284916201117319,0.13,recall+precision,2,5
antepartum,FULL,SVM,weighted,0.8380624426078972,0.4513746661618425,0.12093529476893262,0.2826086956521739,0.8666666666666667,0.5909090909090909,0.4262295081967213,0.6132075471698113,0.13,fallback_f2.0,2,1
antepartum,FULL,SVM,weighted,0.7487321346242508,0.4091841570644596,0.11804323060654037,0.20707070707070707,0.9111111111111111,0.34854771784232363,0.3374485596707819,0.5423280423280423,0.11,recall+precision,2,2
antepartum,FULL,SVM,weighted,0.7810169491525424,0.4592298156553489,0.13275737430491324,0.3,0.78,0.614406779661017,0.43333333333333335,0.5909090909090909,0.13,fallback_f2.0,2,3
antepartum,FULL,SVM,weighted,0.7674772036474165,0.40962184614272884,0.12327784426613056,0.19555555555555557,0.9361702127659575,0.23949579831932774,0.3235294117647059,0.5326876513317191,0.11,recall+precision,2,4
antepartum,FULL,SVM,weighted,0.7944004273123831,0.4201501374050548,0.12073224259420258,0.25,0.9148936170212766,0.4602510460251046,0.3926940639269406,0.5972222222222222,0.11,recall+precision,2,5
antepartum,FULL,SVM,resampled,0.8023415977961432,0.38698228121191847,0.11776077174054918,0.275,0.9777777777777777,0.5206611570247934,0.4292682926829268,0.6470588235294118,0.11,fallback_f2.0,2,1
antepartum,FULL,SVM,resampled,0.7369755647763947,0.341685275851019,0.11989897425080275,0.21052631578947367,0.8888888888888888,0.3775933609958506,0.3404255319148936,0.5405405405405406,0.09,recall+precision,2,2
antepartum,FULL,SVM,resampled,0.7521186440677965,0.4634492627167801,0.12872445817708864,0.27647058823529413,0.94,0.4788135593220339,0.42727272727272725,0.6351351351351351,0.09,recall+precision,2,3
antepartum,FULL,SVM,resampled,0.7565707133917396,0.38428565453441427,0.122890803296477,0.21393034825870647,0.9148936170212766,0.33613445378151263,0.3467741935483871,0.5526992287917738,0.09999999999999999,recall+precision,2,4
antepartum,FULL,SVM,resampled,0.782115196296626,0.3907716086259254,0.11929552809474052,0.22388059701492538,0.9574468085106383,0.3472803347280335,0.3629032258064516,0.5784061696658098,0.08,recall+precision,2,5
antepartum,FULL,RF,weighted,0.8194214876033057,0.5632856773276085,0.11919418423578125,0.23255813953488372,0.8888888888888888,0.45454545454545453,0.3686635944700461,0.5681818181818182,0.12,recall+precision,2,1
antepartum,FULL,RF,weighted,0.7502996772706316,0.43993138982410807,0.11860407697489238,0.22043010752688172,0.9111111111111111,0.3983402489626556,0.354978354978355,0.5601092896174863,0.11,recall+precision,2,2
antepartum,FULL,RF,weighted,0.7816949152542373,0.5376939301994985,0.12907041696143906,0.23880597014925373,0.96,0.3516949152542373,0.38247011952191234,0.5985037406483791,0.09999999999999999,recall+precision,2,3
antepartum,FULL,RF,weighted,0.7844627212587162,0.4390067093625531,0.12216056841595328,0.21800947867298578,0.9787234042553191,0.3067226890756303,0.35658914728682173,0.5764411027568922,0.11,recall+precision,2,4
antepartum,FULL,RF,weighted,0.8080655212320841,0.46380170340855476,0.12029601627291084,0.23195876288659795,0.9574468085106383,0.37656903765690375,0.37344398340248963,0.5890052356020943,0.11,recall+precision,2,5
antepartum,FULL,RF,resampled,0.8099632690541781,0.4918669806115288,0.11933474873470339,0.22826086956521738,0.9333333333333333,0.4132231404958678,0.36681222707423583,0.5769230769230769,0.12,recall+precision,2,1
antepartum,FULL,RF,resampled,0.7539880129091747,0.44607589504565853,0.11766758756409927,0.22033898305084745,0.8666666666666667,0.42738589211618255,0.35135135135135137,0.5462184873949579,0.11,recall+precision,2,2
antepartum,FULL,RF,resampled,0.7705084745762711,0.5098700457256562,0.12819794536783521,0.2838709677419355,0.88,0.5296610169491526,0.4292682926829268,0.6197183098591549,0.12,fallback_f2.0,2,3
antepartum,FULL,RF,resampled,0.7644376899696049,0.3755062858252713,0.12319708651013946,0.22110552763819097,0.9361702127659575,0.3487394957983193,0.35772357723577236,0.5684754521963824,0.11,recall+precision,2,4
antepartum,FULL,RF,resampled,0.778420724650583,0.4339388287301275,0.12299739829175779,0.2971014492753623,0.8723404255319149,0.5941422594142259,0.44324324324324327,0.6288343558282209,0.14,fallback_f2.0,2,5
antepartum,FULL,XGB,weighted,0.79178145087236,0.5199069102692966,0.11524948455317262,0.21739130434782608,0.8888888888888888,0.4049586776859504,0.34934497816593885,0.5494505494505495,0.09999999999999999,fallback_f2.0,2,1
antepartum,FULL,XGB,weighted,0.7362840018441679,0.4085602477314191,0.11770756438852245,0.20689655172413793,0.9333333333333333,0.33195020746887965,0.3387096774193548,0.5483028720626631,0.08,recall+precision,2,2
antepartum,FULL,XGB,weighted,0.7571186440677966,0.46241297410805976,0.12861718519826898,0.2603550295857988,0.88,0.4703389830508475,0.4018264840182648,0.5962059620596206,0.09,recall+precision,2,3
antepartum,FULL,XGB,weighted,0.7815126050420168,0.44354987512729666,0.12093933919976707,0.22727272727272727,0.9574468085106383,0.35714285714285715,0.3673469387755102,0.582901554404145,0.09999999999999999,recall+precision,2,4
antepartum,FULL,XGB,weighted,0.7799341226742633,0.4682704242004065,0.11691408497005311,0.23595505617977527,0.8936170212765957,0.4309623430962343,0.37333333333333335,0.5737704918032787,0.09,recall+precision,2,5
antepartum,FULL,XGB,resampled,0.8138200183654729,0.5719513039093829,0.11371802568957236,0.2469879518072289,0.9111111111111111,0.4834710743801653,0.3886255924170616,0.5924855491329479,0.11,fallback_f2.0,2,1
antepartum,FULL,XGB,resampled,0.7242047026279391,0.36964631870127074,0.12024712460945215,0.22535211267605634,0.7111111111111111,0.5435684647302904,0.3422459893048128,0.4968944099378882,0.11,fallback_f2.0,2,2
antepartum,FULL,XGB,resampled,0.7663559322033898,0.4919481877223596,0.12635267942301495,0.24561403508771928,0.84,0.4533898305084746,0.38009049773755654,0.5660377358490566,0.09,recall+precision,2,3
antepartum,FULL,XGB,resampled,0.779903450741999,0.4004024076601843,0.12019364174501895,0.22613065326633167,0.9574468085106383,0.35294117647058826,0.36585365853658536,0.5813953488372093,0.09999999999999999,recall+precision,2,4
antepartum,FULL,XGB,resampled,0.77664025638743,0.47731068107501823,0.11636863929542121,0.3263157894736842,0.6595744680851063,0.7322175732217573,0.43661971830985913,0.5477031802120141,0.14,fallback_f2.0,2,5
antepartum,FULL,LR,weighted,0.8189300411522634,0.49582459943373564,0.11298931765396282,0.17796610169491525,0.9767441860465116,0.20164609053497942,0.3010752688172043,0.5147058823529411,0.12,recall+precision,3,1
antepartum,FULL,Ensemble_SoftVote_Uniform,ensemble,0.8184515264618624,0.48539421669279037,0.11148557600788012,0.1693548387096774,0.9767441860465116,0.1522633744855967,0.28865979381443296,0.5,0.11,recall+precision,3,1
antepartum,FULL,Ensemble_SoftVote_Weighted,ensemble,0.8187386352761029,0.4855203410618891,0.1115307448317457,0.1693548387096774,0.9767441860465116,0.1522633744855967,0.28865979381443296,0.5,0.11,recall+precision,3,1
antepartum,FULL,LR,weighted,0.8198435504469987,0.5316389889936182,0.13501605260869845,0.32413793103448274,0.8703703703703703,0.5775862068965517,0.4723618090452261,0.6509695290858726,0.09999999999999999,recall+precision,3,2
antepartum,FULL,Ensemble_SoftVote_Uniform,ensemble,0.8083492975734355,0.5169297130520027,0.13768245483902047,0.2865853658536585,0.8703703703703703,0.4956896551724138,0.43119266055045874,0.618421052631579,0.09999999999999999,recall+precision,3,2
antepartum,FULL,Ensemble_SoftVote_Weighted,ensemble,0.8098659003831417,0.5179041888013027,0.137542886369731,0.2865853658536585,0.8703703703703703,0.4956896551724138,0.43119266055045874,0.618421052631579,0.09999999999999999,recall+precision,3,2
antepartum,FULL,LR,weighted,0.8218022731372903,0.4829719957122668,0.12068537536409182,0.23195876288659795,0.9782608695652174,0.3817427385892116,0.375,0.5952380952380952,0.13,recall+precision,3,3
antepartum,FULL,Ensemble_SoftVote_Uniform,ensemble,0.8165704492152264,0.49267047906258843,0.1186002618769949,0.23469387755102042,1.0,0.3775933609958506,0.38016528925619836,0.6052631578947368,0.12,recall+precision,3,3
antepartum,FULL,Ensemble_SoftVote_Weighted,ensemble,0.8165704492152264,0.48753568099179956,0.11869429547522779,0.233502538071066,1.0,0.37344398340248963,0.3786008230452675,0.6036745406824147,0.12,recall+precision,3,3
antepartum,FULL,LR,weighted,0.7750521083854416,0.5334115690864157,0.13926671089799234,0.29931972789115646,0.8148148148148148,0.5541125541125541,0.43781094527363185,0.6060606060606061,0.12,recall+precision,3,4
antepartum,FULL,Ensemble_SoftVote_Uniform,ensemble,0.7747314413981081,0.5296246982590327,0.1396297310665017,0.2967741935483871,0.8518518518518519,0.5281385281385281,0.44019138755980863,0.6199460916442049,0.12,recall+precision,3,4
antepartum,FULL,Ensemble_SoftVote_Weighted,ensemble,0.7760942760942761,0.5320364097170086,0.13959089622894208,0.2929936305732484,0.8518518518518519,0.5194805194805194,0.43601895734597157,0.6166219839142091,0.12,recall+precision,3,4
antepartum,FULL,LR,weighted,0.7927927927927927,0.4606123922804721,0.09740549383851868,0.1864406779661017,0.8918918918918919,0.42168674698795183,0.308411214953271,0.5076923076923077,0.09999999999999999,recall+precision,3,5
antepartum,FULL,Ensemble_SoftVote_Uniform,ensemble,0.7847606642787366,0.45680782127287095,0.09935021589456294,0.14754098360655737,0.972972972972973,0.1646586345381526,0.25622775800711745,0.45918367346938777,0.08,recall+precision,3,5
antepartum,FULL,Ensemble_SoftVote_Weighted,ensemble,0.7848692065559536,0.45030327116468616,0.09928405582389037,0.14814814814814814,0.972972972972973,0.1686746987951807,0.2571428571428571,0.46035805626598464,0.08,recall+precision,3,5
antepartum,FULL,LR,resampled,0.8247679203751556,0.5016032930015744,0.10740409105714277,0.1794871794871795,0.9767441860465116,0.20987654320987653,0.30324909747292417,0.5172413793103449,0.09999999999999999,recall+precision,3,1
antepartum,FULL,LR,resampled,0.81529374201788,0.5176962341421809,0.13457004031808836,0.29375,0.8703703703703703,0.5129310344827587,0.4392523364485981,0.625,0.09,recall+precision,3,2
antepartum,FULL,LR,resampled,0.8181941187082807,0.4721415828428539,0.11887189586266314,0.21951219512195122,0.9782608695652174,0.3360995850622407,0.35856573705179284,0.5784061696658098,0.12,recall+precision,3,3
antepartum,FULL,LR,resampled,0.7694404361071028,0.5217566004457103,0.13498964239062283,0.27710843373493976,0.8518518518518519,0.4805194805194805,0.41818181818181815,0.6020942408376964,0.09,recall+precision,3,4
antepartum,FULL,LR,resampled,0.787474221209161,0.455710895620823,0.1006622709028889,0.18681318681318682,0.918918918918919,0.40562248995983935,0.3105022831050228,0.5151515151515151,0.14,recall+precision,3,5
antepartum,FULL,SVM,weighted,0.8177816058953009,0.43904082970969915,0.1100114798292939,0.19907407407407407,1.0,0.2880658436213992,0.33204633204633205,0.5541237113402062,0.12,recall+precision,3,1
antepartum,FULL,SVM,weighted,0.780691251596424,0.507683434885431,0.141386145071124,0.3103448275862069,0.8333333333333334,0.5689655172413793,0.45226130653266333,0.6232686980609419,0.11,recall+precision,3,2
antepartum,FULL,SVM,weighted,0.8125112754825907,0.443637712553067,0.11758549089462261,0.23626373626373626,0.9347826086956522,0.42323651452282157,0.37719298245614036,0.587431693989071,0.12,recall+precision,3,3
antepartum,FULL,SVM,weighted,0.7578964245630914,0.48235693867766616,0.13889922376830538,0.33043478260869563,0.7037037037037037,0.6666666666666666,0.44970414201183434,0.5740181268882175,0.12,recall+precision,3,4
antepartum,FULL,SVM,weighted,0.7594703136871811,0.3584819149028475,0.10228070583674381,0.1583710407239819,0.9459459459459459,0.25301204819277107,0.2713178294573643,0.4742547425474255,0.11,recall+precision,3,5
antepartum,FULL,SVM,resampled,0.8029476504928701,0.4294601515760016,0.11014297351572011,0.17573221757322174,0.9767441860465116,0.18930041152263374,0.2978723404255319,0.5109489051094891,0.09,recall+precision,3,1
antepartum,FULL,SVM,resampled,0.7886334610472541,0.4938085099917831,0.1354986188718867,0.32857142857142857,0.8518518518518519,0.5948275862068966,0.4742268041237113,0.6460674157303371,0.09,recall+precision,3,2
antepartum,FULL,SVM,resampled,0.7916741836550605,0.37838654209737393,0.11803477927770482,0.22660098522167488,1.0,0.34854771784232363,0.36947791164658633,0.5943152454780362,0.09999999999999999,recall+precision,3,3
antepartum,FULL,SVM,resampled,0.7299182299182299,0.3984359409177446,0.14084288235202966,0.291970802919708,0.7407407407407407,0.5800865800865801,0.418848167539267,0.56657223796034,0.09999999999999999,recall+precision,3,4
antepartum,FULL,SVM,resampled,0.706501682405297,0.285581879239927,0.1086844850586635,0.17277486910994763,0.8918918918918919,0.3654618473895582,0.2894736842105263,0.48672566371681414,0.12,recall+precision,3,5
antepartum,FULL,RF,weighted,0.8062015503875969,0.47032395198316035,0.11004243644318397,0.1971153846153846,0.9534883720930233,0.31275720164609055,0.32669322709163345,0.5394736842105263,0.12,recall+precision,3,1
antepartum,FULL,RF,weighted,0.7827266922094508,0.48966773101813177,0.1405669233868784,0.29333333333333333,0.8148148148148148,0.5431034482758621,0.43137254901960786,0.6010928961748634,0.11,recall+precision,3,2
antepartum,FULL,RF,weighted,0.8061068013710987,0.4815139487416184,0.1169872194478618,0.23958333333333334,1.0,0.3941908713692946,0.3865546218487395,0.6117021276595744,0.11,recall+precision,3,3
antepartum,FULL,RF,weighted,0.7633477633477633,0.506692943002581,0.13976071937528814,0.24489795918367346,0.8888888888888888,0.3593073593073593,0.384,0.5825242718446602,0.09999999999999999,recall+precision,3,4
antepartum,FULL,RF,weighted,0.7616411592315206,0.35108004855951896,0.10309746461081865,0.15086206896551724,0.9459459459459459,0.20883534136546184,0.26022304832713755,0.4605263157894737,0.09999999999999999,recall+precision,3,5
antepartum,FULL,RF,resampled,0.7997894535362235,0.4601627041166876,0.11108314328660406,0.17647058823529413,0.9767441860465116,0.1934156378600823,0.298932384341637,0.5121951219512195,0.09999999999999999,recall+precision,3,1
antepartum,FULL,RF,resampled,0.7696360153256705,0.4733738543150552,0.14039524558059174,0.25133689839572193,0.8703703703703703,0.39655172413793105,0.3900414937759336,0.5831265508684863,0.09,recall+precision,3,2
antepartum,FULL,RF,resampled,0.8019574237777376,0.431103879604189,0.11764171336897837,0.23316062176165803,0.9782608695652174,0.38589211618257263,0.37656903765690375,0.596816976127321,0.11,recall+precision,3,3
antepartum,FULL,RF,resampled,0.7499599166265833,0.4674338471711883,0.14176304799911707,0.2571428571428571,0.8333333333333334,0.43722943722943725,0.3930131004366812,0.5754475703324808,0.11,recall+precision,3,4
antepartum,FULL,RF,resampled,0.7225659394334093,0.2787183571109465,0.10725489957987351,0.14624505928853754,1.0,0.13253012048192772,0.25517241379310346,0.4613466334164589,0.08,recall+precision,3,5
antepartum,FULL,XGB,weighted,0.8075413915207197,0.5295764092050109,0.10532538564386959,0.1834862385321101,0.9302325581395349,0.2674897119341564,0.3065134099616858,0.5128205128205128,0.09,recall+precision,3,1
antepartum,FULL,XGB,weighted,0.7302841634738187,0.36855884726147325,0.14352234110174264,0.24,0.8888888888888888,0.3448275862068966,0.3779527559055118,0.5769230769230769,0.08,recall+precision,3,2
antepartum,FULL,XGB,weighted,0.7724607613205845,0.4193334717387569,0.11687114166356143,0.21052631578947367,0.9565217391304348,0.3153526970954357,0.34509803921568627,0.5597964376590331,0.08,recall+precision,3,3
antepartum,FULL,XGB,weighted,0.7449895783229116,0.5241029049733595,0.13681051888773516,0.24193548387096775,0.8333333333333334,0.38961038961038963,0.375,0.5597014925373134,0.08,recall+precision,3,4
antepartum,FULL,XGB,weighted,0.7566482144795398,0.38535451546495747,0.10268640458615134,0.14705882352941177,0.9459459459459459,0.18473895582329317,0.2545454545454545,0.4533678756476684,0.06999999999999999,recall+precision,3,5
antepartum,FULL,XGB,resampled,0.8097425590965643,0.5160290964203558,0.10476626994753485,0.19158878504672897,0.9534883720930233,0.2880658436213992,0.31906614785992216,0.5310880829015544,0.09999999999999999,recall+precision,3,1
antepartum,FULL,XGB,resampled,0.7618933588761175,0.41713686747449513,0.14070850966610512,0.2670807453416149,0.7962962962962963,0.49137931034482757,0.4,0.5702917771883289,0.09,recall+precision,3,2
antepartum,FULL,XGB,resampled,0.771919538156233,0.40602667739302806,0.11748153880567622,0.21025641025641026,0.8913043478260869,0.36099585062240663,0.34024896265560167,0.5408970976253298,0.09999999999999999,recall+precision,3,3
antepartum,FULL,XGB,resampled,0.751242584575918,0.5089484971841834,0.13625795397530918,0.2721518987341772,0.7962962962962963,0.5021645021645021,0.4056603773584906,0.5748663101604278,0.09999999999999999,recall+precision,3,4
antepartum,FULL,XGB,resampled,0.742212091609682,0.37571514715841875,0.10631852951373148,0.1423076923076923,1.0,0.10441767068273092,0.24915824915824916,0.4534313725490196,0.08,recall+precision,3,5
